Platform,Week Starting Date,total_requests,http_429_count,total_retries
GitHub,2024-09-02,4,0,0
GitHub,2024-09-09,4,0,0
GitHub,2024-09-16,4,0,0
GitHub,2024-09-23,4,0,0
GitHub,2024-09-30,4,0,0
GitHub,2024-10-07,4,0,0
GitHub,2024-10-14,4,0,0
GitHub,2024-10-21,4,0,0
GitHub,2024-10-28,4,0,0
GitHub,2024-11-04,4,0,0
GitHub,2024-11-11,4,0,0
GitHub,2024-11-18,4,0,0
GitHub,2024-11-25,4,0,0
GitHub,2024-12-02,4,0,0
GitHub,2024-12-09,4,0,0
GitHub,2024-12-16,4,0,0
GitHub,2024-12-23,4,0,0
GitHub,2024-12-30,4,0,0
GitHub,2025-01-06,4,0,0
GitHub,2025-01-13,4,0,0
GitHub,2025-01-20,4,0,0
GitHub,2025-01-27,4,0,0
GitHub,2025-02-03,4,0,0
GitHub,2025-02-10,4,0,0
GitHub,2025-02-17,4,0,0
GitHub,2025-02-24,4,0,0
GitHub,2025-03-03,4,0,0
GitHub,2025-03-10,4,0,0
GitHub,2025-03-17,4,0,0
GitHub,2025-03-24,4,0,0
GitHub,2025-03-31,4,0,0
GitHub,2025-04-07,4,0,0
GitHub,2025-04-14,4,0,0
GitHub,2025-04-21,4,0,0
GitHub,2025-04-28,4,0,0
GitHub,2025-05-05,4,0,0
GitHub,2025-05-12,4,0,0
GitHub,2025-05-19,4,0,0
GitHub,2025-05-26,4,0,0
GitHub,2025-06-02,4,0,0
GitHub,2025-06-09,4,0,0
GitHub,2025-06-16,4,0,0
GitHub,2025-06-23,4,0,0
GitHub,2025-06-30,4,0,0
GitHub,2025-07-07,4,0,0
GitHub,2025-07-14,4,0,0
GitHub,2025-07-21,4,0,0
GitHub,2025-07-28,4,0,0
GitHub,2025-08-04,4,0,0
GitHub,2025-08-11,4,0,0
GitHub,2025-08-18,4,0,0
GitHub,2025-08-25,4,0,0
GitHub,2025-09-01,4,0,0
GitHub,2025-09-08,4,0,0
GitHub,2025-09-15,4,0,0
GitHub,2025-09-22,4,0,0
GitHub,2025-09-29,4,0,0
Reddit,2024-09-02,0,0,0
Reddit,2024-09-09,0,0,0
Reddit,2024-09-16,0,0,0
Reddit,2024-09-23,0,0,0
Reddit,2024-09-30,0,0,0
Reddit,2024-10-07,0,0,0
Reddit,2024-10-14,0,0,0
Reddit,2024-10-21,0,0,0
Reddit,2024-10-28,0,0,0
Reddit,2024-11-04,0,0,0
Reddit,2024-11-11,0,0,0
Reddit,2024-11-18,0,0,0
Reddit,2024-11-25,0,0,0
Reddit,2024-12-02,0,0,0
Reddit,2024-12-09,0,0,0
Reddit,2024-12-16,0,0,0
Reddit,2024-12-23,0,0,0
Reddit,2024-12-30,0,0,0
Reddit,2025-01-06,0,0,0
Reddit,2025-01-13,0,0,0
Reddit,2025-01-20,0,0,0
Reddit,2025-01-27,0,0,0
Reddit,2025-02-03,0,0,0
Reddit,2025-02-10,0,0,0
Reddit,2025-02-17,0,0,0
Reddit,2025-02-24,0,0,0
Reddit,2025-03-03,0,0,0
Reddit,2025-03-10,0,0,0
Reddit,2025-03-17,0,0,0
Reddit,2025-03-24,0,0,0
Reddit,2025-03-31,0,0,0
Reddit,2025-04-07,0,0,0
Reddit,2025-04-14,0,0,0
Reddit,2025-04-21,0,0,0
Reddit,2025-04-28,0,0,0
Reddit,2025-05-05,0,0,0
Reddit,2025-05-12,0,0,0
Reddit,2025-05-19,0,0,0
Reddit,2025-05-26,0,0,0
Reddit,2025-06-02,0,0,0
Reddit,2025-06-09,0,0,0
Reddit,2025-06-16,0,0,0
Reddit,2025-06-23,0,0,0
Reddit,2025-06-30,0,0,0
Reddit,2025-07-07,0,0,0
Reddit,2025-07-14,0,0,0
Reddit,2025-07-21,0,0,0
Reddit,2025-07-28,0,0,0
Reddit,2025-08-04,0,0,0
Reddit,2025-08-11,0,0,0
Reddit,2025-08-18,0,0,0
Reddit,2025-08-25,0,0,0
Reddit,2025-09-01,0,0,0
Reddit,2025-09-08,0,0,0
Reddit,2025-09-15,0,0,0
Reddit,2025-09-22,0,0,0
Reddit,2025-09-29,0,0,0
X,2024-09-02,0,0,0
X,2024-09-09,0,0,0
X,2024-09-16,0,0,0
X,2024-09-23,0,0,0
X,2024-09-30,0,0,0
X,2024-10-07,0,0,0
X,2024-10-14,0,0,0
X,2024-10-21,0,0,0
X,2024-10-28,0,0,0
X,2024-11-04,0,0,0
X,2024-11-11,0,0,0
X,2024-11-18,0,0,0
X,2024-11-25,0,0,0
X,2024-12-02,0,0,0
X,2024-12-09,0,0,0
X,2024-12-16,0,0,0
X,2024-12-23,0,0,0
X,2024-12-30,0,0,0
X,2025-01-06,0,0,0
X,2025-01-13,0,0,0
X,2025-01-20,0,0,0
X,2025-01-27,0,0,0
X,2025-02-03,0,0,0
X,2025-02-10,0,0,0
X,2025-02-17,0,0,0
X,2025-02-24,0,0,0
X,2025-03-03,0,0,0
X,2025-03-10,0,0,0
X,2025-03-17,0,0,0
X,2025-03-24,0,0,0
X,2025-03-31,0,0,0
X,2025-04-07,0,0,0
X,2025-04-14,0,0,0
X,2025-04-21,0,0,0
X,2025-04-28,0,0,0
X,2025-05-05,0,0,0
X,2025-05-12,0,0,0
X,2025-05-19,0,0,0
X,2025-05-26,0,0,0
X,2025-06-02,0,0,0
X,2025-06-09,0,0,0
X,2025-06-16,0,0,0
X,2025-06-23,0,0,0
X,2025-06-30,0,0,0
X,2025-07-07,0,0,0
X,2025-07-14,0,0,0
X,2025-07-21,0,0,0
X,2025-07-28,0,0,0
X,2025-08-04,0,0,0
X,2025-08-11,0,0,0
X,2025-08-18,0,0,0
X,2025-08-25,0,0,0
X,2025-09-01,0,0,0
X,2025-09-08,0,0,0
X,2025-09-15,0,0,0
X,2025-09-22,0,0,0
X,2025-09-29,0,0,0
