Platform,Week Starting Date,Data Status,Notes
GitHub,2024-09-02,ok,
GitHub,2024-09-09,ok,
GitHub,2024-09-16,ok,
GitHub,2024-09-23,ok,
GitHub,2024-09-30,ok,
GitHub,2024-10-07,ok,
GitHub,2024-10-14,ok,
GitHub,2024-10-21,ok,
GitHub,2024-10-28,ok,
GitHub,2024-11-04,ok,
GitHub,2024-11-11,ok,
GitHub,2024-11-18,ok,
GitHub,2024-11-25,ok,
GitHub,2024-12-02,ok,
GitHub,2024-12-09,ok,
GitHub,2024-12-16,ok,
GitHub,2024-12-23,ok,
GitHub,2024-12-30,ok,
GitHub,2025-01-06,ok,
GitHub,2025-01-13,ok,
GitHub,2025-01-20,ok,
GitHub,2025-01-27,ok,
GitHub,2025-02-03,ok,
GitHub,2025-02-10,ok,
GitHub,2025-02-17,ok,
GitHub,2025-02-24,ok,
GitHub,2025-03-03,ok,
GitHub,2025-03-10,ok,
GitHub,2025-03-17,ok,
GitHub,2025-03-24,ok,
GitHub,2025-03-31,ok,
GitHub,2025-04-07,ok,
GitHub,2025-04-14,ok,
GitHub,2025-04-21,ok,
GitHub,2025-04-28,ok,
GitHub,2025-05-05,ok,
GitHub,2025-05-12,ok,
GitHub,2025-05-19,ok,
GitHub,2025-05-26,ok,
GitHub,2025-06-02,ok,
GitHub,2025-06-09,ok,
GitHub,2025-06-16,ok,
GitHub,2025-06-23,ok,
GitHub,2025-06-30,ok,
GitHub,2025-07-07,ok,
GitHub,2025-07-14,ok,
GitHub,2025-07-21,ok,
GitHub,2025-07-28,ok,
GitHub,2025-08-04,ok,
GitHub,2025-08-11,ok,
GitHub,2025-08-18,ok,
GitHub,2025-08-25,ok,
GitHub,2025-09-01,ok,
Reddit,2024-09-02,missing,OAuth denied: all weeks zeros per Step 1 policy
Reddit,2024-09-09,missing,OAuth denied: all weeks zeros per Step 1 policy
Reddit,2024-09-16,missing,OAuth denied: all weeks zeros per Step 1 policy
Reddit,2024-09-23,missing,OAuth denied: all weeks zeros per Step 1 policy
Reddit,2024-09-30,missing,OAuth denied: all weeks zeros per Step 1 policy
Reddit,2024-10-07,missing,OAuth denied: all weeks zeros per Step 1 policy
Reddit,2024-10-14,missing,OAuth denied: all weeks zeros per Step 1 policy
Reddit,2024-10-21,missing,OAuth denied: all weeks zeros per Step 1 policy
Reddit,2024-10-28,missing,OAuth denied: all weeks zeros per Step 1 policy
Reddit,2024-11-04,missing,OAuth denied: all weeks zeros per Step 1 policy
Reddit,2024-11-11,missing,OAuth denied: all weeks zeros per Step 1 policy
Reddit,2024-11-18,missing,OAuth denied: all weeks zeros per Step 1 policy
Reddit,2024-11-25,missing,OAuth denied: all weeks zeros per Step 1 policy
Reddit,2024-12-02,missing,OAuth denied: all weeks zeros per Step 1 policy
Reddit,2024-12-09,missing,OAuth denied: all weeks zeros per Step 1 policy
Reddit,2024-12-16,missing,OAuth denied: all weeks zeros per Step 1 policy
Reddit,2024-12-23,missing,OAuth denied: all weeks zeros per Step 1 policy
Reddit,2024-12-30,missing,OAuth denied: all weeks zeros per Step 1 policy
Reddit,2025-01-06,missing,OAuth denied: all weeks zeros per Step 1 policy
Reddit,2025-01-13,missing,OAuth denied: all weeks zeros per Step 1 policy
Reddit,2025-01-20,missing,OAuth denied: all weeks zeros per Step 1 policy
Reddit,2025-01-27,missing,OAuth denied: all weeks zeros per Step 1 policy
Reddit,2025-02-03,missing,OAuth denied: all weeks zeros per Step 1 policy
Reddit,2025-02-10,missing,OAuth denied: all weeks zeros per Step 1 policy
Reddit,2025-02-17,missing,OAuth denied: all weeks zeros per Step 1 policy
Reddit,2025-02-24,missing,OAuth denied: all weeks zeros per Step 1 policy
Reddit,2025-03-03,missing,OAuth denied: all weeks zeros per Step 1 policy
Reddit,2025-03-10,missing,OAuth denied: all weeks zeros per Step 1 policy
Reddit,2025-03-17,missing,OAuth denied: all weeks zeros per Step 1 policy
Reddit,2025-03-24,missing,OAuth denied: all weeks zeros per Step 1 policy
Reddit,2025-03-31,missing,OAuth denied: all weeks zeros per Step 1 policy
Reddit,2025-04-07,missing,OAuth denied: all weeks zeros per Step 1 policy
Reddit,2025-04-14,missing,OAuth denied: all weeks zeros per Step 1 policy
Reddit,2025-04-21,missing,OAuth denied: all weeks zeros per Step 1 policy
Reddit,2025-04-28,missing,OAuth denied: all weeks zeros per Step 1 policy
Reddit,2025-05-05,missing,OAuth denied: all weeks zeros per Step 1 policy
Reddit,2025-05-12,missing,OAuth denied: all weeks zeros per Step 1 policy
Reddit,2025-05-19,missing,OAuth denied: all weeks zeros per Step 1 policy
Reddit,2025-05-26,missing,OAuth denied: all weeks zeros per Step 1 policy
Reddit,2025-06-02,missing,OAuth denied: all weeks zeros per Step 1 policy
Reddit,2025-06-09,missing,OAuth denied: all weeks zeros per Step 1 policy
Reddit,2025-06-16,missing,OAuth denied: all weeks zeros per Step 1 policy
Reddit,2025-06-23,missing,OAuth denied: all weeks zeros per Step 1 policy
Reddit,2025-06-30,missing,OAuth denied: all weeks zeros per Step 1 policy
Reddit,2025-07-07,missing,OAuth denied: all weeks zeros per Step 1 policy
Reddit,2025-07-14,missing,OAuth denied: all weeks zeros per Step 1 policy
Reddit,2025-07-21,missing,OAuth denied: all weeks zeros per Step 1 policy
Reddit,2025-07-28,missing,OAuth denied: all weeks zeros per Step 1 policy
Reddit,2025-08-04,missing,OAuth denied: all weeks zeros per Step 1 policy
Reddit,2025-08-11,missing,OAuth denied: all weeks zeros per Step 1 policy
Reddit,2025-08-18,missing,OAuth denied: all weeks zeros per Step 1 policy
Reddit,2025-08-25,missing,OAuth denied: all weeks zeros per Step 1 policy
Reddit,2025-09-01,missing,OAuth denied: all weeks zeros per Step 1 policy
X,2024-09-02,missing,Recent-only API: historical weeks zeros per Step 1 policy
X,2024-09-09,missing,Recent-only API: historical weeks zeros per Step 1 policy
X,2024-09-16,missing,Recent-only API: historical weeks zeros per Step 1 policy
X,2024-09-23,missing,Recent-only API: historical weeks zeros per Step 1 policy
X,2024-09-30,missing,Recent-only API: historical weeks zeros per Step 1 policy
X,2024-10-07,missing,Recent-only API: historical weeks zeros per Step 1 policy
X,2024-10-14,missing,Recent-only API: historical weeks zeros per Step 1 policy
X,2024-10-21,missing,Recent-only API: historical weeks zeros per Step 1 policy
X,2024-10-28,missing,Recent-only API: historical weeks zeros per Step 1 policy
X,2024-11-04,missing,Recent-only API: historical weeks zeros per Step 1 policy
X,2024-11-11,missing,Recent-only API: historical weeks zeros per Step 1 policy
X,2024-11-18,missing,Recent-only API: historical weeks zeros per Step 1 policy
X,2024-11-25,missing,Recent-only API: historical weeks zeros per Step 1 policy
X,2024-12-02,missing,Recent-only API: historical weeks zeros per Step 1 policy
X,2024-12-09,missing,Recent-only API: historical weeks zeros per Step 1 policy
X,2024-12-16,missing,Recent-only API: historical weeks zeros per Step 1 policy
X,2024-12-23,missing,Recent-only API: historical weeks zeros per Step 1 policy
X,2024-12-30,missing,Recent-only API: historical weeks zeros per Step 1 policy
X,2025-01-06,missing,Recent-only API: historical weeks zeros per Step 1 policy
X,2025-01-13,missing,Recent-only API: historical weeks zeros per Step 1 policy
X,2025-01-20,missing,Recent-only API: historical weeks zeros per Step 1 policy
X,2025-01-27,missing,Recent-only API: historical weeks zeros per Step 1 policy
X,2025-02-03,missing,Recent-only API: historical weeks zeros per Step 1 policy
X,2025-02-10,missing,Recent-only API: historical weeks zeros per Step 1 policy
X,2025-02-17,missing,Recent-only API: historical weeks zeros per Step 1 policy
X,2025-02-24,missing,Recent-only API: historical weeks zeros per Step 1 policy
X,2025-03-03,missing,Recent-only API: historical weeks zeros per Step 1 policy
X,2025-03-10,missing,Recent-only API: historical weeks zeros per Step 1 policy
X,2025-03-17,missing,Recent-only API: historical weeks zeros per Step 1 policy
X,2025-03-24,missing,Recent-only API: historical weeks zeros per Step 1 policy
X,2025-03-31,missing,Recent-only API: historical weeks zeros per Step 1 policy
X,2025-04-07,missing,Recent-only API: historical weeks zeros per Step 1 policy
X,2025-04-14,missing,Recent-only API: historical weeks zeros per Step 1 policy
X,2025-04-21,missing,Recent-only API: historical weeks zeros per Step 1 policy
X,2025-04-28,missing,Recent-only API: historical weeks zeros per Step 1 policy
X,2025-05-05,missing,Recent-only API: historical weeks zeros per Step 1 policy
X,2025-05-12,missing,Recent-only API: historical weeks zeros per Step 1 policy
X,2025-05-19,missing,Recent-only API: historical weeks zeros per Step 1 policy
X,2025-05-26,missing,Recent-only API: historical weeks zeros per Step 1 policy
X,2025-06-02,missing,Recent-only API: historical weeks zeros per Step 1 policy
X,2025-06-09,missing,Recent-only API: historical weeks zeros per Step 1 policy
X,2025-06-16,missing,Recent-only API: historical weeks zeros per Step 1 policy
X,2025-06-23,missing,Recent-only API: historical weeks zeros per Step 1 policy
X,2025-06-30,missing,Recent-only API: historical weeks zeros per Step 1 policy
X,2025-07-07,missing,Recent-only API: historical weeks zeros per Step 1 policy
X,2025-07-14,missing,Recent-only API: historical weeks zeros per Step 1 policy
X,2025-07-21,missing,Recent-only API: historical weeks zeros per Step 1 policy
X,2025-07-28,missing,Recent-only API: historical weeks zeros per Step 1 policy
X,2025-08-04,missing,Recent-only API: historical weeks zeros per Step 1 policy
X,2025-08-11,missing,Recent-only API: historical weeks zeros per Step 1 policy
X,2025-08-18,missing,Recent-only API: historical weeks zeros per Step 1 policy
X,2025-08-25,missing,Recent-only API: historical weeks zeros per Step 1 policy
X,2025-09-01,missing,Recent-only API: historical weeks zeros per Step 1 policy
