Platform,Week Starting Date,Top Trending Topic,Engagement Score,Post Count,User Interactions
GitHub,2024-09-02,python,67.62,49,158903
GitHub,2024-09-09,python,67.08,57,146705
GitHub,2024-09-16,typescript,35.46,35,68959
GitHub,2024-09-23,python,60.54,60,117723
GitHub,2024-09-30,python,66.35,59,141408
GitHub,2024-10-07,typescript,25.85,24,60225
GitHub,2024-10-14,python,67.27,60,144408
GitHub,2024-10-21,python,68.6,75,136820
GitHub,2024-10-28,typescript,51.44,32,116232
GitHub,2024-11-04,python,56.8,65,101610
GitHub,2024-11-11,python,98.19,67,352176
GitHub,2024-11-18,typescript,73.62,35,219428
GitHub,2024-11-25,python,95.36,74,309851
GitHub,2024-12-02,python,84.06,71,223819
GitHub,2024-12-09,typescript,50.49,36,107515
GitHub,2024-12-16,python,64.21,63,128915
GitHub,2024-12-23,python,100.0,58,395342
GitHub,2024-12-30,typescript,65.53,38,165881
GitHub,2025-01-06,python,61.25,54,125737
GitHub,2025-01-13,python,66.17,63,136820
GitHub,2025-01-20,typescript,41.88,32,86966
GitHub,2025-01-27,python,76.49,78,170973
GitHub,2025-02-03,python,89.1,82,245341
GitHub,2025-02-10,typescript,70.48,41,186760
GitHub,2025-02-17,python,79.02,68,195643
GitHub,2025-02-24,python,84.9,79,219445
GitHub,2025-03-03,typescript,36.07,30,74899
GitHub,2025-03-10,python,85.22,72,230496
GitHub,2025-03-17,python,81.12,81,193611
GitHub,2025-03-24,typescript,76.59,32,249248
GitHub,2025-03-31,python,81.86,75,204572
GitHub,2025-04-07,python,77.06,74,177849
GitHub,2025-04-14,typescript,84.74,41,287879
GitHub,2025-04-21,python,75.94,68,178172
GitHub,2025-04-28,python,93.05,69,297534
GitHub,2025-05-05,typescript,41.4,37,80692
GitHub,2025-05-12,python,87.51,65,257986
GitHub,2025-05-19,python,47.24,73,72378
GitHub,2025-05-26,typescript,27.78,28,59936
GitHub,2025-06-02,python,62.94,51,135577
GitHub,2025-06-09,python,75.54,69,174939
GitHub,2025-06-16,typescript,77.07,37,238061
GitHub,2025-06-23,python,81.39,67,211526
GitHub,2025-06-30,python,63.97,54,136558
GitHub,2025-07-07,typescript,32.6,41,59185
GitHub,2025-07-14,python,62.81,57,128852
GitHub,2025-07-21,python,51.37,50,96243
GitHub,2025-07-28,typescript,25.81,32,53407
GitHub,2025-08-04,python,63.07,63,124519
GitHub,2025-08-11,python,58.02,64,106129
GitHub,2025-08-18,typescript,34.77,34,68341
GitHub,2025-08-25,python,50.13,50,92679
GitHub,2025-09-01,python,60.19,59,117319
GitHub,2025-09-08,typescript,0.0,34,23801
GitHub,2025-09-15,python,54.72,68,93588
GitHub,2025-09-22,python,71.3,71,151979
GitHub,2025-09-29,typescript,10.93,34,33159
Reddit,2024-09-02,,0.0,0,0
Reddit,2024-09-09,,0.0,0,0
Reddit,2024-09-16,,0.0,0,0
Reddit,2024-09-23,,0.0,0,0
Reddit,2024-09-30,,0.0,0,0
Reddit,2024-10-07,,0.0,0,0
Reddit,2024-10-14,,0.0,0,0
Reddit,2024-10-21,,0.0,0,0
Reddit,2024-10-28,,0.0,0,0
Reddit,2024-11-04,,0.0,0,0
Reddit,2024-11-11,,0.0,0,0
Reddit,2024-11-18,,0.0,0,0
Reddit,2024-11-25,,0.0,0,0
Reddit,2024-12-02,,0.0,0,0
Reddit,2024-12-09,,0.0,0,0
Reddit,2024-12-16,,0.0,0,0
Reddit,2024-12-23,,0.0,0,0
Reddit,2024-12-30,,0.0,0,0
Reddit,2025-01-06,,0.0,0,0
Reddit,2025-01-13,,0.0,0,0
Reddit,2025-01-20,,0.0,0,0
Reddit,2025-01-27,,0.0,0,0
Reddit,2025-02-03,,0.0,0,0
Reddit,2025-02-10,,0.0,0,0
Reddit,2025-02-17,,0.0,0,0
Reddit,2025-02-24,,0.0,0,0
Reddit,2025-03-03,,0.0,0,0
Reddit,2025-03-10,,0.0,0,0
Reddit,2025-03-17,,0.0,0,0
Reddit,2025-03-24,,0.0,0,0
Reddit,2025-03-31,,0.0,0,0
Reddit,2025-04-07,,0.0,0,0
Reddit,2025-04-14,,0.0,0,0
Reddit,2025-04-21,,0.0,0,0
Reddit,2025-04-28,,0.0,0,0
Reddit,2025-05-05,,0.0,0,0
Reddit,2025-05-12,,0.0,0,0
Reddit,2025-05-19,,0.0,0,0
Reddit,2025-05-26,,0.0,0,0
Reddit,2025-06-02,,0.0,0,0
Reddit,2025-06-09,,0.0,0,0
Reddit,2025-06-16,,0.0,0,0
Reddit,2025-06-23,,0.0,0,0
Reddit,2025-06-30,,0.0,0,0
Reddit,2025-07-07,,0.0,0,0
Reddit,2025-07-14,,0.0,0,0
Reddit,2025-07-21,,0.0,0,0
Reddit,2025-07-28,,0.0,0,0
Reddit,2025-08-04,,0.0,0,0
Reddit,2025-08-11,,0.0,0,0
Reddit,2025-08-18,,0.0,0,0
Reddit,2025-08-25,,0.0,0,0
Reddit,2025-09-01,,0.0,0,0
Reddit,2025-09-08,,0.0,0,0
Reddit,2025-09-15,,0.0,0,0
Reddit,2025-09-22,,0.0,0,0
Reddit,2025-09-29,,0.0,0,0
X,2024-09-02,,0.0,0,0
X,2024-09-09,,0.0,0,0
X,2024-09-16,,0.0,0,0
X,2024-09-23,,0.0,0,0
X,2024-09-30,,0.0,0,0
X,2024-10-07,,0.0,0,0
X,2024-10-14,,0.0,0,0
X,2024-10-21,,0.0,0,0
X,2024-10-28,,0.0,0,0
X,2024-11-04,,0.0,0,0
X,2024-11-11,,0.0,0,0
X,2024-11-18,,0.0,0,0
X,2024-11-25,,0.0,0,0
X,2024-12-02,,0.0,0,0
X,2024-12-09,,0.0,0,0
X,2024-12-16,,0.0,0,0
X,2024-12-23,,0.0,0,0
X,2024-12-30,,0.0,0,0
X,2025-01-06,,0.0,0,0
X,2025-01-13,,0.0,0,0
X,2025-01-20,,0.0,0,0
X,2025-01-27,,0.0,0,0
X,2025-02-03,,0.0,0,0
X,2025-02-10,,0.0,0,0
X,2025-02-17,,0.0,0,0
X,2025-02-24,,0.0,0,0
X,2025-03-03,,0.0,0,0
X,2025-03-10,,0.0,0,0
X,2025-03-17,,0.0,0,0
X,2025-03-24,,0.0,0,0
X,2025-03-31,,0.0,0,0
X,2025-04-07,,0.0,0,0
X,2025-04-14,,0.0,0,0
X,2025-04-21,,0.0,0,0
X,2025-04-28,,0.0,0,0
X,2025-05-05,,0.0,0,0
X,2025-05-12,,0.0,0,0
X,2025-05-19,,0.0,0,0
X,2025-05-26,,0.0,0,0
X,2025-06-02,,0.0,0,0
X,2025-06-09,,0.0,0,0
X,2025-06-16,,0.0,0,0
X,2025-06-23,,0.0,0,0
X,2025-06-30,,0.0,0,0
X,2025-07-07,,0.0,0,0
X,2025-07-14,,0.0,0,0
X,2025-07-21,,0.0,0,0
X,2025-07-28,,0.0,0,0
X,2025-08-04,,0.0,0,0
X,2025-08-11,,0.0,0,0
X,2025-08-18,,0.0,0,0
X,2025-08-25,,0.0,0,0
X,2025-09-01,,0.0,0,0
X,2025-09-08,,0.0,0,0
X,2025-09-15,,0.0,0,0
X,2025-09-22,,0.0,0,0
X,2025-09-29,,0.0,0,0
